{
  "rmse": 1.7260150909423828,
  "mae": 0.8931611776351929,
  "r2": 0.8977428078651428,
  "mape": 10.943342745304108,
  "medae": 0.5909099578857422
}