{
  "rmse": 1.7104815244674683,
  "mae": 0.8807756900787354,
  "r2": 0.8978458642959595,
  "mape": 10.791869461536407,
  "medae": 0.5804977416992188
}