{
  "chosen_on_val": "stacked",
  "metric": "rmse",
  "old_val": 1.7587051391601562,
  "new_val": 1.7434000968933105,
  "stacked_val": 1.738596074661326,
  "rmse_old": 1.7587051391601562,
  "rmse_new": 1.7434000968933105,
  "rmse_stacked": 1.738596074661326
}