{
  "chosen_on_val": "stacked",
  "metric": "rmse",
  "old_val": 1.7586854696273804,
  "new_val": 1.7449095249176025,
  "stacked_val": 1.7394913166742025,
  "rmse_old": 1.7586854696273804,
  "rmse_new": 1.7449095249176025,
  "rmse_stacked": 1.7394913166742025
}